Type,Name,Request Count,Failure Count,Median Response Time,Average Response Time,Min Response Time,Max Response Time,Average Content Size,Requests/s,Failures/s,50%,66%,75%,80%,90%,95%,98%,99%,99.9%,99.99%,100%
GET,/analytics,11021,0,1,1.7086703471477263,0.5574589886236936,158.2641249988228,78.2161328373106,36.82268811699636,0.0,1,1,1,1,2,3,7,15,110,160,160
GET,/health,5513,0,1,1.7883330347727362,0.6095410062698647,242.6722499949392,20.0,18.419696904908896,0.0,1,1,1,2,2,3,7,17,81,240,240
POST,/metrics,551716,0,1,1.9407478737114054,0.5777499900432304,254.2494160006754,140.79647681053297,1843.3596041336327,0.0,1,1,1,2,2,3,9,19,110,220,250
,Aggregated,568250,0,1,1.934768129888595,0.5574589886236936,254.2494160006754,138.41082094148703,1898.601989155538,0.0,1,1,1,2,2,3,8,19,110,220,250
